{"mean": [0.4165678024291992, 0.4165678024291992, 0.4165678024291992], "std": [0.2552499771118164, 0.2552499771118164, 0.2552499771118164]}