{"mean": [0.5055195689201355, 0.5055195689201355, 0.5055195689201355], "std": [0.24431779980659485, 0.24431779980659485, 0.24431779980659485]}